"0","9","110","63","9653","2022-04-11"
"1","9","362","42","1093","2022-01-26"
"2","22","264","83","2715","2022-02-04"
"3","14","154","71","3039","2022-03-21"
"4","7","213","70","6845","2022-04-09"
"5","90","307","84","5227","2022-04-09"
"6","35","260","15","9998","2022-04-10"
"7","62","226","3","954","2022-04-01"
"8","23","42","31","375","2022-03-22"
"9","16","11","19","9815","2022-02-19"
"10","41","106","80","3250","2022-01-16"
"11","86","112","39","7303","2022-03-19"
"12","23","371","15","362","2022-01-30"
"13","22","5","97","2445","2022-02-10"
"14","81","205","84","3882","2022-02-11"
"15","24","445","93","8374","2022-02-27"
"16","90","324","67","4591","2022-04-07"
"17","0","44","33","516","2022-03-14"
"18","70","232","41","9031","2022-02-06"
"19","52","122","64","3295","2022-02-02"
"20","44","259","58","935","2022-04-01"
"21","21","193","53","8515","2022-01-19"
"22","22","122","30","1077","2022-02-10"
"23","24","422","4","8755","2022-03-11"
"24","33","309","40","1953","2022-02-07"
"25","62","369","94","9691","2022-01-29"
"26","22","99","36","2912","2022-02-23"
"27","73","436","75","8747","2022-03-14"
"28","69","60","29","6763","2022-02-10"
"29","69","271","40","4822","2022-02-27"
"30","35","317","85","7238","2022-03-28"
"31","8","299","40","5627","2022-03-17"
"32","54","480","57","9873","2022-01-18"
"33","70","363","41","1122","2022-02-10"
"34","90","31","63","2273","2022-02-26"
"35","95","259","34","2945","2022-02-25"
"36","71","396","72","6670","2022-02-03"
"37","51","293","61","2223","2022-02-16"
"38","52","156","2","2132","2022-03-09"
"39","76","221","9","5474","2022-02-04"
"40","35","20","99","784","2022-02-07"
"41","36","351","27","2244","2022-01-16"
"42","46","135","3","8744","2022-02-12"
"43","51","353","58","1909","2022-03-22"
"44","36","286","26","6243","2022-01-14"
"45","0","78","5","1613","2022-04-07"
"46","14","154","76","8283","2022-02-02"
"47","23","204","19","10","2022-02-16"
"48","44","243","59","7869","2022-01-16"
"49","70","200","17","6904","2022-03-21"
"50","42","17","62","4725","2022-02-06"
"51","76","94","7","2053","2022-04-07"
"52","14","293","21","3649","2022-01-11"
"53","95","104","71","8582","2022-03-14"
"54","91","225","81","3419","2022-03-07"
"55","9","122","15","1260","2022-03-23"
"56","21","62","39","5343","2022-02-07"
"57","86","151","67","2142","2022-04-06"
"58","62","454","37","2950","2022-01-21"
"59","81","300","73","1138","2022-02-27"
"60","51","25","35","7551","2022-03-02"
"61","70","436","23","1169","2022-04-07"
"62","63","106","57","6489","2022-03-11"
"63","6","295","35","6968","2022-01-05"
"64","21","336","69","2172","2022-01-21"
"65","52","398","55","1904","2022-01-07"
"66","33","412","49","4838","2022-01-08"
"67","22","84","49","7821","2022-04-14"
"68","77","32","29","2370","2022-02-09"
"69","7","353","65","489","2022-03-07"
"70","41","455","82","8983","2022-03-20"
"71","51","461","5","4257","2022-04-12"
"72","82","165","67","9582","2022-02-17"
"73","16","445","73","5419","2022-01-27"
"74","61","244","1","5205","2022-03-29"
"75","7","455","37","8477","2022-03-12"
"76","22","369","20","674","2022-03-07"
"77","11","264","99","1304","2022-04-11"
"78","63","232","11","7218","2022-04-12"
"79","70","267","42","7538","2022-03-09"
"80","43","260","87","2504","2022-02-26"
"81","41","395","41","6001","2022-03-31"
"82","94","203","79","5395","2022-04-10"
"83","63","397","77","3061","2022-03-22"
"84","3","352","87","7797","2022-01-03"
"85","46","351","76","4385","2022-01-18"
"86","7","32","32","5690","2022-01-30"
"87","41","227","73","3468","2022-01-26"
"88","94","45","3","9303","2022-01-09"
"89","16","148","47","2984","2022-01-26"
"90","52","204","97","3606","2022-04-04"
"91","6","111","46","5123","2022-02-28"
"92","63","247","48","7503","2022-02-11"
"93","76","447","49","6997","2022-03-05"
"94","86","451","93","1249","2022-02-09"
"95","81","333","18","3738","2022-03-07"
"96","33","479","96","4535","2022-03-26"
"97","6","286","21","4874","2022-03-29"
"98","93","213","54","4584","2022-02-11"
"99","22","41","23","7201","2022-04-07"
"100","86","112","50","7409","2022-01-09"
"101","49","60","69","4653","2022-04-14"
"102","85","136","49","792","2022-02-09"
"103","8","178","50","4395","2022-03-21"
"104","99","74","51","6098","2022-02-15"
"105","91","284","2","1433","2022-01-07"
"106","24","494","100","4085","2022-01-13"
"107","72","360","82","6236","2022-01-06"
"108","77","391","33","8449","2022-01-06"
"109","54","240","8","2873","2022-01-26"
"110","23","139","40","734","2022-04-01"
"111","44","112","21","391","2022-03-22"
"112","76","301","67","96","2022-01-14"
"113","9","498","63","135","2022-04-07"
"114","53","165","20","6856","2022-01-02"
"115","74","244","17","6860","2022-02-05"
"116","44","317","9","1465","2022-03-26"
"117","23","402","33","9836","2022-02-16"
"118","33","175","87","7603","2022-03-21"
"119","72","363","67","4440","2022-03-23"
"120","85","179","48","2782","2022-01-21"
"121","54","392","21","1839","2022-03-22"
"122","11","386","33","4011","2022-02-17"
"123","73","282","6","9714","2022-01-28"
"124","71","487","94","7598","2022-03-10"
"125","3","68","66","7981","2022-02-25"
"126","69","285","40","3706","2022-03-13"
"127","63","487","58","4986","2022-03-05"
"128","14","279","15","7042","2022-01-31"
"129","73","196","92","4882","2022-02-20"
"130","21","246","80","2214","2022-04-07"
"131","63","101","97","6740","2022-03-02"
"132","93","309","88","5940","2022-03-19"
"133","46","321","22","8924","2022-03-31"
"134","69","430","48","3822","2022-04-07"
"135","36","235","61","9280","2022-01-19"
"136","22","25","8","5906","2022-03-04"
"137","24","135","41","3243","2022-02-05"
"138","11","460","19","7451","2022-02-12"
"139","23","453","98","2661","2022-04-01"
"140","12","164","85","10","2022-01-24"
"141","7","197","50","7292","2022-03-13"
"142","91","487","41","666","2022-03-03"
"143","9","412","87","7602","2022-03-18"
"144","76","288","99","7438","2022-03-19"
"145","49","11","78","7557","2022-04-01"
"146","11","106","53","6924","2022-04-01"
"147","24","251","81","7885","2022-01-11"
"148","70","217","81","1874","2022-02-28"
"149","81","4","95","2566","2022-03-19"
"150","23","9","59","9754","2022-02-02"
"151","28","378","80","4702","2022-01-08"
"152","85","185","93","1822","2022-02-18"
"153","63","196","85","1781","2022-04-13"
"154","52","304","34","4538","2022-02-26"
"155","23","371","18","855","2022-03-04"
"156","16","192","1","447","2022-01-24"
"157","52","482","75","4605","2022-03-08"
"158","99","365","82","1136","2022-03-30"
"159","21","76","42","5248","2022-02-03"
"160","95","362","80","4007","2022-01-21"
"161","0","365","63","8658","2022-04-12"
"162","63","227","36","9679","2022-03-06"
"163","16","440","70","9658","2022-03-12"
"164","42","436","43","8619","2022-03-03"
"165","51","365","98","368","2022-04-12"
"166","85","430","20","2851","2022-01-27"
"167","63","451","48","2197","2022-02-20"
"168","26","435","85","1963","2022-03-12"
"169","46","183","47","5080","2022-01-31"
"170","33","131","18","1694","2022-01-11"
"171","61","264","74","7854","2022-04-05"
"172","64","183","65","4668","2022-04-08"
"173","72","296","34","3130","2022-03-19"
"174","22","148","6","6131","2022-01-11"
"175","86","309","7","2219","2022-04-12"
"176","93","273","72","3825","2022-03-09"
"177","61","453","38","7885","2022-01-23"
"178","7","259","55","7724","2022-04-11"
"179","85","58","1","8177","2022-01-10"
"180","16","440","95","9434","2022-01-03"
"181","71","333","31","6119","2022-01-11"
"182","51","391","96","3879","2022-03-29"
"183","12","207","87","6209","2022-02-17"
"184","64","379","96","6895","2022-03-21"
"185","61","199","39","2028","2022-01-30"
"186","90","4","6","4206","2022-03-05"
"187","86","286","14","4901","2022-04-03"
"188","9","217","16","5464","2022-03-20"
"189","51","156","89","1928","2022-03-14"
"190","64","253","31","6800","2022-01-22"
"191","9","189","30","4379","2022-02-28"
"192","82","494","59","2876","2022-01-02"
"193","73","309","22","9235","2022-02-19"
"194","44","165","46","2199","2022-03-15"
"195","14","158","92","2472","2022-03-26"
"196","11","172","68","2281","2022-04-03"
"197","46","122","60","6038","2022-03-14"
"198","35","482","48","7375","2022-03-25"
"199","23","399","65","9612","2022-01-18"
"200","3","483","27","8521","2022-03-14"
"201","12","246","78","3963","2022-03-21"
"202","11","56","96","7615","2022-03-30"
"203","85","238","20","2002","2022-01-31"
"204","7","139","56","3656","2022-02-14"
"205","14","44","79","5588","2022-03-07"
"206","6","405","54","6044","2022-03-22"
"207","62","296","9","2065","2022-01-12"
"208","62","135","84","4250","2022-03-05"
"209","36","237","28","6769","2022-02-15"
"210","95","196","68","3576","2022-03-11"
"211","26","380","82","4028","2022-03-27"
"212","42","269","6","9049","2022-01-06"
"213","95","277","90","1975","2022-02-01"
"214","72","4","87","305","2022-02-25"
"215","77","22","42","9819","2022-02-04"
"216","41","479","74","2857","2022-01-10"
"217","76","240","7","9091","2022-03-05"
"218","70","42","11","7381","2022-03-06"
"219","93","74","60","4512","2022-03-28"
"220","41","78","56","188","2022-01-20"
"221","72","149","78","6502","2022-03-02"
"222","46","284","9","8902","2022-03-04"
"223","52","148","44","5404","2022-02-08"
"224","7","96","21","8976","2022-03-05"
"225","23","453","52","7618","2022-01-18"
"226","62","480","73","3945","2022-03-06"
"227","11","235","37","6346","2022-04-06"
"228","53","465","95","939","2022-01-09"
"229","95","251","42","3473","2022-01-11"
"230","90","237","2","4973","2022-01-25"
"231","6","366","49","2270","2022-01-05"
"232","36","191","91","1980","2022-04-01"
"233","95","369","7","3946","2022-04-11"
"234","51","99","94","4949","2022-02-05"
"235","86","324","76","3220","2022-01-16"
"236","52","249","96","7611","2022-01-05"
"237","54","122","57","1017","2022-03-23"
"238","24","51","73","7157","2022-04-09"
"239","22","494","41","4344","2022-01-24"
"240","82","78","68","8544","2022-04-06"
"241","23","273","36","9996","2022-03-08"
"242","99","418","42","5280","2022-04-09"
"243","0","200","86","5211","2022-01-28"
"244","73","59","4","8818","2022-02-08"
"245","21","22","1","9773","2022-02-14"
"246","43","166","78","6734","2022-02-14"
"247","64","243","71","8832","2022-02-20"
"248","53","365","69","5083","2022-04-13"
"249","35","251","17","9032","2022-02-20"
"250","41","369","59","923","2022-03-01"
"251","26","429","8","1291","2022-02-08"
"252","73","273","9","5461","2022-01-31"
"253","69","436","75","3717","2022-03-31"
"254","16","366","42","3430","2022-01-01"
"255","41","43","57","9175","2022-02-26"
"256","62","269","76","2682","2022-01-20"
"257","81","196","92","9984","2022-01-26"
"258","8","279","33","6949","2022-02-09"
"259","12","122","50","9353","2022-03-15"
"260","14","402","53","2890","2022-03-03"
"261","91","111","11","4797","2022-03-16"
"262","93","417","62","6208","2022-01-26"
"263","51","148","87","8144","2022-03-21"
"264","51","82","85","9366","2022-01-14"
"265","71","273","34","1809","2022-02-18"
"266","42","238","61","1431","2022-01-24"
"267","11","260","10","3134","2022-04-10"
"268","36","361","18","1439","2022-02-09"
"269","33","160","9","4919","2022-03-04"
"270","70","392","72","1146","2022-02-04"
"271","44","127","5","8697","2022-03-21"
"272","85","361","99","9834","2022-03-21"
"273","94","193","60","1735","2022-02-23"
"274","33","5","66","2975","2022-04-03"
"275","26","44","87","1845","2022-01-25"
"276","21","346","85","5669","2022-02-02"
"277","24","82","56","1201","2022-02-14"
"278","36","405","70","1751","2022-03-22"
"279","51","462","73","6408","2022-01-04"
"280","70","199","1","3537","2022-04-12"
"281","49","20","83","4584","2022-03-30"
"282","85","74","9","237","2022-03-10"
"283","73","62","75","9690","2022-01-25"
"284","53","219","76","1049","2022-03-01"
"285","94","156","28","2252","2022-02-17"
"286","71","362","2","1703","2022-01-31"
"287","22","112","45","6784","2022-02-05"
"288","82","498","94","7349","2022-02-14"
"289","22","391","8","899","2022-02-06"
"290","12","269","65","9782","2022-04-11"
"291","72","78","43","1142","2022-02-03"
"292","28","271","61","2184","2022-03-14"
"293","46","217","35","537","2022-02-12"
"294","64","427","33","6547","2022-03-18"
"295","95","302","96","9871","2022-01-28"
"296","6","284","14","5153","2022-02-03"
"297","53","74","1","1682","2022-03-05"
"298","7","178","90","5817","2022-02-21"
"299","90","292","68","2732","2022-03-21"
"300","86","189","74","3435","2022-01-19"
"301","12","417","78","2585","2022-01-28"
"302","46","295","78","4353","2022-03-11"
"303","6","199","85","4024","2022-03-07"
"304","90","281","28","4081","2022-01-09"
"305","62","17","89","6813","2022-02-11"
"306","28","164","94","1673","2022-01-14"
"307","77","104","30","9865","2022-01-29"
"308","33","135","28","2207","2022-02-01"
"309","36","227","47","2651","2022-03-20"
"310","63","172","3","6045","2022-01-16"
"311","3","422","69","3777","2022-02-06"
"312","14","307","73","6127","2022-01-05"
"313","23","282","33","8421","2022-04-06"
"314","14","8","32","3014","2022-03-23"
"315","85","440","56","2828","2022-03-27"
"316","70","209","65","8490","2022-01-22"
"317","71","293","71","738","2022-04-11"
"318","12","422","6","7669","2022-03-22"
"319","11","494","30","8490","2022-01-07"
"320","99","293","5","7469","2022-02-27"
"321","12","119","37","6547","2022-04-12"
"322","21","78","46","5249","2022-03-05"
"323","6","399","24","8427","2022-03-18"
"324","0","244","6","8151","2022-01-20"
"325","74","240","65","4390","2022-02-15"
"326","94","45","86","1863","2022-03-26"
"327","74","445","55","2303","2022-03-06"
"328","76","233","80","4884","2022-03-22"
"329","73","41","15","1900","2022-02-09"
"330","73","422","66","1570","2022-01-28"
"331","26","176","2","1606","2022-03-20"
"332","41","60","33","2919","2022-03-01"
"333","90","98","19","6474","2022-01-27"
"334","54","94","92","3024","2022-01-30"
"335","41","425","97","3378","2022-02-15"
"336","9","4","33","4976","2022-03-23"
"337","26","149","33","940","2022-03-17"
"338","90","264","83","5140","2022-01-01"
"339","52","119","61","7391","2022-01-30"
"340","61","429","49","2375","2022-01-04"
"341","71","496","13","6077","2022-03-18"
"342","90","219","29","2829","2022-02-01"
"343","44","62","73","9850","2022-03-20"
"344","8","226","77","9226","2022-02-23"
"345","44","8","51","2034","2022-02-05"
"346","99","418","69","3548","2022-01-05"
"347","16","41","15","3422","2022-04-06"
"348","52","104","84","1812","2022-03-07"
"349","94","154","73","9047","2022-01-27"
"350","0","411","95","166","2022-03-31"
"351","74","8","25","7232","2022-02-10"
"352","76","122","84","8612","2022-01-04"
"353","22","380","78","1864","2022-01-28"
"354","26","299","76","9281","2022-01-16"
"355","70","41","55","7862","2022-01-19"
"356","73","427","82","1647","2022-01-20"
"357","77","98","42","9078","2022-03-18"
"358","8","371","100","5260","2022-02-08"
"359","35","154","94","3000","2022-01-14"
"360","53","336","36","3494","2022-03-14"
"361","76","260","5","1970","2022-02-11"
"362","6","139","38","6230","2022-04-02"
"363","70","396","80","470","2022-01-29"
"364","24","405","79","4292","2022-02-26"
"365","94","205","80","7167","2022-02-08"
"366","26","360","4","2354","2022-03-04"
"367","51","3","67","6803","2022-02-07"
"368","46","285","78","4322","2022-01-06"
"369","3","126","97","1824","2022-01-14"
"370","53","295","98","3624","2022-03-08"
"371","33","55","98","4369","2022-01-02"
"372","69","5","58","3930","2022-03-29"
"373","46","427","84","897","2022-02-12"
"374","63","4","50","3632","2022-01-15"
"375","63","483","14","7731","2022-01-04"
"376","9","316","18","3611","2022-01-31"
"377","63","213","17","6664","2022-02-01"
"378","11","397","66","337","2022-03-29"
"379","44","303","40","6723","2022-02-11"
"380","21","422","69","5602","2022-03-29"
"381","26","106","83","5134","2022-01-04"
"382","49","462","22","591","2022-04-03"
"383","76","288","17","2490","2022-02-13"
"384","86","412","45","990","2022-02-02"
"385","36","178","69","3469","2022-01-20"
"386","62","113","47","5638","2022-02-04"
"387","64","327","2","9180","2022-01-24"
"388","54","363","49","6731","2022-01-11"
"389","28","317","42","7543","2022-02-05"
"390","70","264","78","3842","2022-03-14"
"391","16","482","67","9723","2022-02-04"
"392","8","204","32","6153","2022-02-22"
"393","16","127","18","28","2022-03-01"
"394","3","440","80","6607","2022-03-20"
"395","9","445","22","4226","2022-01-29"
"396","64","495","20","535","2022-03-10"
"397","90","284","58","2282","2022-03-22"
"398","16","455","98","2266","2022-02-10"
"399","94","296","89","9468","2022-04-07"
"400","77","427","49","2813","2022-03-20"
"401","61","483","19","9034","2022-02-11"
"402","70","165","59","2655","2022-03-05"
"403","64","271","70","1902","2022-01-17"
"404","51","363","29","7061","2022-02-14"
"405","93","204","61","167","2022-01-15"
"406","77","160","32","700","2022-03-21"
"407","35","209","72","4299","2022-02-07"
"408","70","259","90","3646","2022-03-14"
"409","90","227","6","5476","2022-01-06"
"410","86","399","32","5844","2022-04-07"
"411","71","213","52","6629","2022-02-12"
"412","44","281","58","1271","2022-02-14"
"413","85","8","44","9449","2022-04-07"
"414","51","494","4","6742","2022-04-08"
"415","63","158","68","7709","2022-04-12"
"416","7","479","38","917","2022-03-01"
"417","3","254","54","3155","2022-02-17"
"418","63","217","55","9874","2022-01-12"
"419","14","60","45","1963","2022-02-14"
"420","42","392","22","312","2022-02-06"
"421","3","68","54","9919","2022-03-04"
"422","90","101","30","3573","2022-03-23"
"423","76","388","94","4169","2022-03-09"
"424","14","169","79","1436","2022-02-27"
"425","71","151","55","6101","2022-03-19"
"426","90","288","28","5867","2022-03-22"
"427","3","373","99","8687","2022-03-04"
"428","76","303","21","3675","2022-03-24"
"429","99","392","19","7058","2022-01-02"
"430","76","154","69","944","2022-04-05"
"431","7","288","23","8252","2022-01-01"
"432","77","245","71","9905","2022-02-25"
"433","6","430","70","5966","2022-02-24"
"434","94","465","87","7880","2022-01-24"
"435","28","136","48","398","2022-03-09"
"436","51","279","36","4247","2022-01-09"
"437","0","91","23","4613","2022-01-30"
"438","69","214","12","9707","2022-02-23"
"439","42","423","37","6314","2022-01-27"
"440","77","263","92","8664","2022-01-20"
"441","52","447","78","4574","2022-02-07"
"442","69","88","2","730","2022-02-11"
"443","28","398","74","8124","2022-02-18"
"444","62","131","53","3596","2022-02-12"
"445","77","74","65","134","2022-01-20"
"446","16","214","50","1273","2022-03-30"
"447","28","360","4","4752","2022-03-04"
"448","22","267","91","4715","2022-03-08"
"449","0","339","67","8492","2022-03-25"
"450","24","264","64","84","2022-01-17"
"451","0","225","64","7186","2022-03-04"
"452","14","494","90","3561","2022-04-03"
"453","24","148","56","9793","2022-03-19"
"454","3","336","61","43","2022-01-20"
"455","73","32","6","6889","2022-03-31"
"456","14","321","100","4746","2022-03-05"
"457","14","395","36","7473","2022-01-21"
"458","61","22","77","1873","2022-02-10"
"459","99","158","44","1106","2022-01-27"
"460","77","436","41","7867","2022-01-24"
"461","12","264","64","7631","2022-03-03"
"462","11","52","85","5636","2022-01-24"
"463","63","127","67","304","2022-02-02"
"464","23","268","1","2417","2022-03-26"
"465","23","61","87","1625","2022-03-05"
"466","63","248","96","4823","2022-03-26"
"467","73","465","57","594","2022-01-12"
"468","21","139","47","2118","2022-03-14"
"469","62","454","93","6200","2022-01-12"
"470","77","21","98","4364","2022-02-07"
"471","61","268","21","803","2022-02-24"
"472","21","263","86","2748","2022-02-10"
"473","99","179","84","1951","2022-01-03"
"474","22","396","60","453","2022-03-03"
"475","77","104","59","3181","2022-03-24"
"476","72","461","45","7246","2022-02-02"
"477","90","232","52","9331","2022-03-16"
"478","53","417","61","7222","2022-01-19"
"479","69","487","65","5464","2022-03-08"
"480","22","282","56","2562","2022-04-08"
"481","91","82","31","8872","2022-01-22"
"482","53","494","72","2433","2022-01-15"
"483","94","304","57","4443","2022-04-05"
"484","21","402","32","5075","2022-01-14"
"485","9","104","17","3293","2022-03-11"
"486","91","268","30","4795","2022-01-17"
"487","82","76","78","3874","2022-03-19"
"488","16","447","74","7863","2022-04-07"
"489","33","451","71","5403","2022-02-01"
"490","51","44","22","5959","2022-02-13"
"491","28","248","13","2777","2022-01-21"
"492","63","425","60","9890","2022-03-15"
"493","91","365","68","1789","2022-04-02"
"494","16","302","67","2325","2022-03-03"
"495","8","193","45","4061","2022-01-11"
"496","41","8","1","6864","2022-03-17"
"497","76","336","11","1832","2022-01-07"
"498","63","309","45","768","2022-04-14"
"499","7","154","84","1644","2022-01-02"
"500","7","271","34","5780","2022-03-14"
"501","90","392","3","7981","2022-03-11"
"502","70","55","64","9216","2022-02-03"
"503","9","232","18","6200","2022-03-02"
"504","74","227","79","7674","2022-04-14"
"505","12","111","64","2030","2022-02-23"
"506","69","333","13","4838","2022-03-27"
"507","71","453","61","8360","2022-01-04"
"508","28","244","5","8679","2022-03-08"
"509","85","392","46","6458","2022-03-20"
"510","61","4","67","9088","2022-02-08"
"511","49","61","68","3168","2022-03-04"
"512","61","493","67","8186","2022-02-02"
"513","23","395","59","9704","2022-01-11"
"514","82","43","18","8870","2022-01-18"
"515","82","56","13","4779","2022-03-24"
"516","90","166","17","5944","2022-01-01"
"517","91","206","66","2143","2022-03-14"
"518","43","285","25","5481","2022-01-21"
"519","35","461","61","2945","2022-03-28"
"520","35","225","45","1810","2022-02-02"
"521","74","122","22","7430","2022-02-23"
"522","85","244","17","950","2022-02-03"
"523","22","299","88","3853","2022-04-08"
"524","63","302","65","7611","2022-04-11"
"525","61","499","91","9576","2022-01-13"
"526","73","423","32","3688","2022-03-31"
"527","41","386","9","179","2022-03-26"
"528","82","273","24","3728","2022-01-31"
"529","8","268","14","3951","2022-03-20"
"530","86","429","87","9791","2022-02-25"
"531","43","181","55","6568","2022-04-02"
"532","76","25","78","861","2022-02-24"
"533","43","68","18","3313","2022-04-14"
"534","7","113","44","3324","2022-01-16"
"535","9","82","79","5340","2022-03-17"
"536","76","238","58","5805","2022-03-07"
"537","22","380","15","8561","2022-01-27"
"538","16","392","13","94","2022-03-25"
"539","91","292","18","2864","2022-02-12"
"540","7","156","24","4391","2022-02-23"
"541","26","178","83","4326","2022-02-10"
"542","73","155","100","379","2022-01-11"
"543","46","158","84","5339","2022-04-09"
"544","77","254","71","4295","2022-01-14"
"545","69","149","80","3796","2022-04-05"
"546","24","119","93","3192","2022-03-28"
"547","81","119","45","395","2022-03-30"
"548","53","388","60","2300","2022-01-26"
"549","71","269","57","7113","2022-03-29"
"550","0","422","61","3201","2022-02-03"
"551","76","82","84","6479","2022-01-29"
"552","22","9","41","8289","2022-01-03"
"553","41","232","17","3603","2022-02-06"
"554","72","259","88","2997","2022-02-15"
"555","16","380","6","5794","2022-01-06"
"556","7","34","22","1529","2022-02-18"
"557","63","487","52","12","2022-03-19"
"558","77","321","40","4554","2022-02-26"
"559","28","98","66","4665","2022-02-06"
"560","53","154","34","5936","2022-01-24"
"561","28","361","71","9666","2022-02-16"
"562","16","482","36","4059","2022-03-06"
"563","64","213","57","321","2022-03-07"
"564","42","111","26","9938","2022-04-03"
"565","9","295","80","5472","2022-03-08"
"566","3","298","22","6555","2022-04-14"
"567","95","91","7","6422","2022-02-08"
"568","41","82","1","6097","2022-03-01"
"569","82","163","15","5162","2022-02-01"
"570","93","388","23","5723","2022-02-04"
"571","44","300","93","6004","2022-02-13"
"572","62","34","39","881","2022-01-25"
"573","42","221","10","2354","2022-02-21"
"574","54","369","14","2231","2022-01-16"
"575","49","148","65","850","2022-04-06"
"576","16","206","64","7736","2022-04-02"
"577","21","279","79","7902","2022-03-03"
"578","82","179","27","1855","2022-03-01"
"579","44","442","61","4449","2022-04-02"
"580","41","366","34","9950","2022-03-27"
"581","7","213","2","7872","2022-04-05"
"582","73","139","10","1750","2022-02-09"
"583","70","41","92","553","2022-03-15"
"584","54","84","20","2982","2022-04-04"
"585","71","333","28","6456","2022-03-25"
"586","14","88","2","8768","2022-03-30"
"587","69","324","71","8875","2022-01-24"
"588","71","392","79","3664","2022-03-02"
"589","44","139","19","362","2022-04-14"
"590","9","346","51","8236","2022-02-04"
"591","53","447","13","3421","2022-01-04"
"592","46","270","77","7884","2022-01-01"
"593","42","162","51","3802","2022-01-03"
"594","12","246","43","5710","2022-01-28"
"595","94","316","10","1369","2022-02-25"
"596","71","249","73","1256","2022-01-25"
"597","44","435","61","2456","2022-03-23"
"598","52","304","17","9084","2022-04-01"
"599","7","113","99","5115","2022-04-08"
"600","90","260","58","6721","2022-02-03"
"601","21","175","88","80","2022-01-06"
"602","73","244","56","5919","2022-01-24"
"603","64","417","64","5305","2022-02-18"
"604","12","200","43","552","2022-03-02"
"605","95","98","5","246","2022-03-02"
"606","85","51","61","755","2022-01-21"
"607","93","425","77","9689","2022-02-20"
"608","53","425","16","5106","2022-02-27"
"609","16","300","4","7315","2022-01-17"
"610","99","236","1","6232","2022-03-29"
"611","43","298","79","263","2022-03-15"
"612","28","392","83","3880","2022-04-13"
"613","64","259","67","5140","2022-02-18"
"614","86","371","79","8061","2022-04-01"
"615","21","25","43","5907","2022-01-11"
"616","99","21","63","238","2022-04-05"
"617","54","8","7","9927","2022-04-09"
"618","63","339","7","2616","2022-02-27"
"619","62","333","56","4974","2022-03-29"
"620","9","366","39","4824","2022-02-21"
"621","94","183","31","4295","2022-02-13"
"622","8","427","13","7048","2022-04-10"
"623","64","392","67","802","2022-03-02"
"624","0","286","68","1277","2022-03-03"
"625","93","106","46","6942","2022-03-16"
"626","63","34","100","7773","2022-03-31"
"627","35","430","86","6030","2022-02-11"
"628","49","246","45","8992","2022-02-07"
"629","81","112","51","6377","2022-03-21"
"630","22","494","64","3580","2022-04-14"
"631","74","61","92","3023","2022-02-22"
"632","9","83","52","5982","2022-01-20"
"633","51","493","77","2260","2022-02-21"
"634","86","112","33","503","2022-02-03"
"635","35","199","63","4790","2022-01-10"
"636","21","395","53","3712","2022-02-12"
"637","51","31","65","6291","2022-02-26"
"638","0","9","36","2931","2022-01-16"
"639","36","78","9","7723","2022-02-21"
"640","26","264","52","221","2022-01-12"
"641","11","51","60","807","2022-03-10"
"642","52","219","92","5728","2022-04-12"
"643","99","197","97","5790","2022-03-07"
"644","0","217","30","6704","2022-04-02"
"645","7","209","33","2018","2022-02-15"
"646","22","359","7","7351","2022-03-31"
"647","16","82","23","5208","2022-04-09"
"648","74","454","57","100","2022-02-12"
"649","52","8","13","7706","2022-02-03"
"650","24","363","9","1738","2022-03-09"
"651","53","301","53","7518","2022-03-29"
"652","81","436","5","9460","2022-03-09"
"653","23","207","70","4936","2022-03-07"
"654","6","412","66","7340","2022-01-29"
"655","14","302","9","8193","2022-02-19"
"656","16","170","88","7267","2022-01-01"
"657","26","238","86","3941","2022-01-01"
"658","91","236","7","7480","2022-02-05"
"659","82","378","94","7291","2022-04-09"
"660","22","17","49","6941","2022-01-25"
"661","76","316","85","6754","2022-03-04"
"662","73","106","98","9951","2022-03-04"
"663","74","331","91","5705","2022-01-22"
"664","44","78","92","8426","2022-03-21"
"665","86","400","97","3793","2022-01-12"
"666","64","4","9","7609","2022-01-14"
"667","12","11","47","2353","2022-02-13"
"668","51","493","73","857","2022-04-13"
"669","77","396","82","8369","2022-03-01"
"670","0","495","11","121","2022-04-03"
"671","26","74","69","9490","2022-01-06"
"672","3","281","88","2634","2022-02-19"
"673","0","183","1","5294","2022-02-07"
"674","74","418","44","4386","2022-04-07"
"675","85","462","4","4687","2022-01-28"
"676","63","4","4","5735","2022-03-22"
"677","7","321","69","2389","2022-01-31"
"678","72","395","89","8301","2022-03-09"
"679","44","218","79","3481","2022-02-23"
"680","36","253","17","9904","2022-01-13"
"681","44","38","49","7807","2022-01-15"
"682","91","172","71","6739","2022-01-17"
"683","90","197","84","938","2022-01-11"
"684","52","455","2","1758","2022-02-15"
"685","3","52","7","8929","2022-03-05"
"686","95","295","72","474","2022-03-09"
"687","0","425","29","487","2022-01-30"
"688","44","351","6","2893","2022-03-16"
"689","93","398","56","6335","2022-01-18"
"690","51","300","32","9759","2022-02-05"
"691","95","309","19","8908","2022-03-02"
"692","64","442","21","6812","2022-02-10"
"693","22","196","2","7955","2022-02-09"
"694","70","435","6","3790","2022-01-21"
"695","53","206","55","8154","2022-04-04"
"696","9","148","95","5244","2022-03-07"
"697","3","346","65","5578","2022-01-01"
"698","52","255","74","3885","2022-02-15"
"699","74","279","49","4925","2022-01-01"
"700","46","307","54","2045","2022-04-13"
"701","73","44","27","6301","2022-02-18"
"702","33","164","52","1400","2022-02-05"
"703","93","11","97","5341","2022-02-19"
"704","14","227","59","8786","2022-01-17"
"705","28","493","80","6797","2022-02-13"
"706","42","25","3","4404","2022-02-06"
"707","94","96","40","5970","2022-03-11"
"708","22","447","73","6650","2022-02-09"
"709","42","192","94","9309","2022-01-23"
"710","12","34","17","6468","2022-01-19"
"711","7","257","24","7048","2022-01-01"
"712","8","226","68","4082","2022-02-14"
"713","24","331","57","3125","2022-03-23"
"714","94","295","51","9766","2022-04-07"
"715","85","445","83","2952","2022-03-26"
"716","72","295","74","4551","2022-01-10"
"717","9","172","27","4559","2022-02-21"
"718","69","245","54","7084","2022-02-20"
"719","28","240","12","1254","2022-03-06"
"720","11","245","84","6083","2022-03-03"
"721","76","151","95","3067","2022-02-13"
"722","12","333","75","73","2022-03-27"
"723","93","227","83","2040","2022-02-07"
"724","52","126","57","7747","2022-03-22"
"725","51","164","99","4289","2022-04-12"
"726","52","199","26","7390","2022-03-18"
"727","22","83","97","1768","2022-04-10"
"728","33","461","72","3892","2022-03-01"
"729","11","317","95","4268","2022-01-18"
"730","41","98","90","1173","2022-02-14"
"731","70","264","59","6741","2022-02-06"
"732","95","281","1","6490","2022-02-14"
"733","85","31","46","9776","2022-02-25"
"734","35","170","98","4420","2022-03-16"
"735","91","166","38","7021","2022-04-09"
"736","81","38","96","8280","2022-02-05"
"737","90","219","87","3535","2022-03-04"
"738","90","339","1","7742","2022-03-15"
"739","52","423","32","8373","2022-02-22"
"740","11","479","4","7680","2022-01-11"
"741","95","218","92","1214","2022-01-15"
"742","3","369","31","8573","2022-04-14"
"743","41","3","92","9271","2022-02-08"
"744","24","179","2","4803","2022-04-12"
"745","71","91","15","8519","2022-01-06"
"746","3","255","79","665","2022-04-01"
"747","41","126","85","3084","2022-02-19"
"748","51","183","44","1462","2022-04-10"
"749","86","365","4","7569","2022-02-25"
"750","72","411","70","2649","2022-03-26"
"751","61","139","36","3546","2022-03-09"
"752","46","430","62","841","2022-01-12"
"753","74","158","48","561","2022-02-01"
"754","94","264","53","8816","2022-04-08"
"755","91","303","43","6796","2022-03-07"
"756","9","214","75","6568","2022-02-28"
"757","52","269","22","8653","2022-04-05"
"758","9","273","11","5020","2022-03-24"
"759","95","110","10","330","2022-03-30"
"760","14","259","14","3798","2022-01-22"
"761","26","379","66","5068","2022-01-02"
"762","35","476","18","7618","2022-02-06"
"763","69","259","84","4914","2022-02-23"
"764","51","418","75","8620","2022-01-23"
"765","90","430","81","8928","2022-04-11"
"766","0","246","8","1301","2022-03-24"
"767","28","245","55","1601","2022-02-08"
"768","63","119","57","8537","2022-03-25"
"769","81","402","42","9064","2022-03-22"
"770","42","316","61","2110","2022-02-19"
"771","91","88","6","9796","2022-03-03"
"772","22","45","83","4830","2022-03-12"
"773","73","244","97","6366","2022-01-27"
"774","14","11","1","5756","2022-02-14"
"775","76","404","82","1997","2022-02-13"
"776","7","263","49","6903","2022-02-22"
"777","36","404","55","1926","2022-03-22"
"778","64","352","36","2533","2022-01-27"
"779","81","327","48","4905","2022-03-15"
"780","91","221","52","1768","2022-03-25"
"781","22","277","91","2701","2022-02-12"
"782","91","96","14","6703","2022-03-29"
"783","28","404","52","1089","2022-03-06"
"784","21","248","1","2003","2022-03-25"
"785","53","362","34","8165","2022-03-30"
"786","64","495","20","505","2022-01-11"
"787","22","399","38","2226","2022-01-12"
"788","6","240","94","924","2022-01-30"
"789","12","110","59","4210","2022-01-11"
"790","51","32","42","2753","2022-02-12"
"791","44","362","94","5188","2022-03-27"
"792","73","487","74","2456","2022-01-29"
"793","72","200","30","8088","2022-03-22"
"794","0","197","3","8931","2022-04-06"
"795","69","494","87","8526","2022-03-09"
"796","23","122","95","2661","2022-01-24"
"797","23","158","93","8502","2022-01-10"
"798","51","214","12","8413","2022-03-09"
"799","93","78","70","6854","2022-04-03"
"800","28","183","25","2881","2022-02-26"
"801","49","498","64","3994","2022-01-26"
"802","99","380","56","5390","2022-02-07"
"803","77","445","7","2784","2022-03-18"
"804","77","283","38","9130","2022-01-21"
"805","64","94","47","4894","2022-03-27"
"806","51","402","79","5179","2022-01-22"
"807","22","436","81","7569","2022-01-27"
"808","72","99","38","5875","2022-03-10"
"809","52","38","39","4366","2022-01-19"
"810","8","225","12","1325","2022-03-26"
"811","16","58","56","9292","2022-02-13"
"812","23","286","61","7793","2022-01-28"
"813","53","151","36","8148","2022-01-26"
"814","14","111","80","2991","2022-01-08"
"815","61","44","92","18","2022-03-19"
"816","54","4","52","7582","2022-03-25"
"817","41","304","45","7797","2022-04-06"
"818","90","286","78","6308","2022-02-14"
"819","81","300","10","4500","2022-02-12"
"820","41","62","1","9081","2022-02-17"
"821","23","83","39","8950","2022-03-14"
"822","85","281","87","2571","2022-04-07"
"823","64","225","84","2353","2022-01-04"
"824","64","193","90","5148","2022-03-23"
"825","64","451","18","1141","2022-01-07"
"826","6","493","99","9218","2022-03-20"
"827","64","346","89","3261","2022-04-06"
"828","77","388","2","2229","2022-02-19"
"829","64","429","46","729","2022-03-29"
"830","62","366","9","430","2022-03-22"
"831","64","184","90","4716","2022-03-22"
"832","53","11","17","3139","2022-02-11"
"833","22","235","76","7947","2022-02-14"
"834","72","283","16","4394","2022-02-13"
"835","73","249","60","1994","2022-02-10"
"836","94","482","76","1789","2022-01-03"
"837","64","185","30","7593","2022-01-22"
"838","71","454","42","1270","2022-01-31"
"839","0","32","43","3986","2022-03-02"
"840","93","166","83","6871","2022-03-13"
"841","44","78","44","4412","2022-04-06"
"842","70","162","30","9075","2022-03-28"
"843","44","196","48","9925","2022-01-02"
"844","46","285","17","5242","2022-01-01"
"845","63","300","100","7461","2022-01-26"
"846","53","285","89","8024","2022-01-09"
"847","94","245","75","923","2022-02-16"
"848","24","486","51","9222","2022-03-24"
"849","22","155","91","4106","2022-02-06"
"850","11","427","13","8605","2022-01-31"
"851","76","496","100","4950","2022-01-24"
"852","51","76","46","7785","2022-03-31"
"853","33","175","34","8704","2022-03-25"
"854","9","404","18","6998","2022-01-15"
"855","46","191","60","6381","2022-03-30"
"856","33","455","12","623","2022-04-03"
"857","35","366","17","8205","2022-03-20"
"858","43","106","98","1008","2022-02-20"
"859","24","400","82","3013","2022-01-15"
"860","90","96","33","1943","2022-02-05"
"861","62","169","71","479","2022-01-25"
"862","64","32","1","7189","2022-02-17"
"863","24","178","59","2864","2022-01-24"
"864","23","372","82","2845","2022-02-01"
"865","12","58","52","9393","2022-02-01"
"866","69","43","27","8361","2022-02-28"
"867","52","267","84","4544","2022-04-14"
"868","90","405","35","853","2022-02-24"
"869","99","98","92","8723","2022-02-10"
"870","62","74","34","5272","2022-02-02"
"871","73","442","39","8063","2022-03-27"
"872","42","42","82","3529","2022-03-21"
"873","23","98","62","6811","2022-03-17"
"874","28","135","73","8450","2022-02-24"
"875","72","362","90","4054","2022-03-01"
"876","85","213","41","2275","2022-03-30"
"877","70","327","48","7215","2022-02-22"
"878","72","398","27","8119","2022-02-23"
"879","63","327","90","7481","2022-01-04"
"880","82","422","31","8796","2022-04-07"
"881","16","196","75","2393","2022-01-07"
"882","6","442","14","4652","2022-04-14"
"883","26","151","86","947","2022-04-02"
"884","85","451","79","8366","2022-04-10"
"885","22","111","28","7540","2022-01-24"
"886","24","246","31","173","2022-03-26"
"887","3","184","32","4935","2022-04-02"
"888","6","249","79","9945","2022-02-02"
"889","64","351","72","6873","2022-02-15"
"890","28","397","27","7737","2022-01-14"
"891","46","369","60","3597","2022-03-30"
"892","42","462","89","1546","2022-02-02"
"893","52","336","5","5296","2022-04-14"
"894","64","346","43","215","2022-04-11"
"895","62","395","34","4044","2022-01-25"
"896","35","495","19","134","2022-03-06"
"897","3","270","13","4228","2022-04-03"
"898","6","172","16","5231","2022-02-09"
"899","14","379","97","1966","2022-01-31"
"900","71","465","30","2376","2022-03-19"
"901","44","111","2","8030","2022-03-10"
"902","26","11","39","3053","2022-01-23"
"903","41","269","28","8527","2022-02-15"
"904","93","283","59","8743","2022-04-06"
"905","44","380","84","8959","2022-01-16"
"906","12","255","64","6766","2022-04-08"
"907","16","339","58","4858","2022-03-11"
"908","7","486","62","7986","2022-01-29"
"909","71","45","74","6084","2022-02-17"
"910","8","233","21","6576","2022-03-18"
"911","76","263","35","5718","2022-03-29"
"912","94","373","46","7031","2022-01-12"
"913","51","9","84","1810","2022-01-27"
"914","53","257","9","5852","2022-01-23"
"915","36","386","3","7747","2022-03-29"
"916","46","482","40","4717","2022-03-08"
"917","72","462","21","3942","2022-04-05"
"918","85","316","37","3443","2022-01-14"
"919","70","189","33","8032","2022-04-14"
"920","12","372","44","5760","2022-01-24"
"921","33","205","62","250","2022-02-21"
"922","26","499","1","4277","2022-04-02"
"923","71","269","64","2034","2022-03-09"
"924","64","233","23","6442","2022-03-28"
"925","62","418","16","9172","2022-04-05"
"926","22","163","27","1436","2022-04-10"
"927","52","176","33","6866","2022-03-07"
"928","81","98","95","6784","2022-02-25"
"929","44","487","91","6274","2022-03-23"
"930","72","386","12","4375","2022-02-20"
"931","21","98","13","4397","2022-01-01"
"932","52","52","8","7332","2022-04-02"
"933","99","3","16","5065","2022-02-20"
"934","73","135","27","8576","2022-02-02"
"935","52","403","12","2409","2022-03-04"
"936","64","295","52","2528","2022-04-03"
"937","44","101","51","9942","2022-02-03"
"938","12","34","96","5230","2022-02-24"
"939","8","135","33","5484","2022-03-04"
"940","41","249","52","1207","2022-02-14"
"941","14","483","73","1343","2022-01-14"
"942","41","217","43","9350","2022-01-30"
"943","36","139","55","6952","2022-01-05"
"944","26","259","48","8208","2022-02-20"
"945","42","214","49","4096","2022-03-01"
"946","11","427","24","1123","2022-03-17"
"947","82","52","37","1078","2022-01-25"
"948","16","405","97","4136","2022-04-12"
"949","99","240","75","715","2022-03-27"
"950","95","104","73","941","2022-03-16"
"951","42","96","38","6188","2022-02-10"
"952","7","302","3","9261","2022-01-22"
"953","62","44","10","1130","2022-01-18"
"954","74","156","64","5625","2022-03-15"
"955","69","193","26","3823","2022-01-15"
"956","91","99","11","2208","2022-02-22"
"957","14","227","16","6233","2022-02-23"
"958","12","253","100","6918","2022-02-10"
"959","62","148","70","2018","2022-03-10"
"960","94","162","25","9155","2022-01-20"
"961","43","391","12","6878","2022-02-19"
"962","54","243","15","4234","2022-01-14"
"963","35","83","47","9086","2022-01-08"
"964","52","200","99","9997","2022-01-28"
"965","86","351","43","7260","2022-04-08"
"966","7","321","40","6746","2022-04-05"
"967","62","78","61","4598","2022-04-03"
"968","26","322","88","363","2022-02-03"
"969","6","139","43","4347","2022-02-02"
"970","24","245","80","9553","2022-04-09"
"971","3","480","61","7567","2022-02-17"
"972","6","427","34","1938","2022-01-24"
"973","64","248","67","4573","2022-01-30"
"974","26","21","11","8520","2022-03-18"
"975","63","371","70","32","2022-02-13"
"976","72","204","61","7243","2022-03-13"
"977","28","282","80","7230","2022-01-28"
"978","8","183","97","709","2022-03-26"
"979","74","183","9","6271","2022-02-07"
"980","16","238","75","5685","2022-03-22"
"981","74","175","54","8014","2022-03-12"
"982","63","8","32","8779","2022-03-11"
"983","91","422","12","6577","2022-03-19"
"984","26","299","59","4280","2022-03-28"
"985","71","479","77","295","2022-03-06"
"986","69","254","31","3618","2022-04-14"
"987","54","91","7","6780","2022-01-24"
"988","52","199","28","6145","2022-04-14"
"989","36","112","89","8476","2022-01-26"
"990","63","363","39","6964","2022-02-09"
"991","95","160","54","9860","2022-02-08"
"992","76","45","84","2499","2022-01-16"
"993","82","193","80","7598","2022-04-08"
"994","77","494","21","8851","2022-03-09"
"995","74","292","74","8988","2022-03-31"
"996","72","88","90","1374","2022-02-14"
"997","16","3","85","8019","2022-03-17"
"998","82","307","28","3569","2022-01-07"
"999","36","4","94","4365","2022-03-10"
"1000","24","460","59","7449","2022-03-22"
"1001","46","255","84","1721","2022-01-31"
"1002","72","279","31","8414","2022-03-15"
"1003","33","82","12","9358","2022-01-06"
"1004","85","169","36","692","2022-01-07"
"1005","52","189","85","6915","2022-02-03"
"1006","95","235","92","8571","2022-02-13"
"1007","3","298","70","3356","2022-04-06"
"1008","54","263","3","7146","2022-03-19"
"1009","93","226","44","5100","2022-04-06"
"1010","12","270","11","7542","2022-01-23"
"1011","42","35","50","1435","2022-03-30"
"1012","21","296","27","4566","2022-02-13"
"1013","71","462","22","3159","2022-02-14"
"1014","63","106","30","6237","2022-04-02"
"1015","0","303","53","9433","2022-03-13"
"1016","81","175","49","5491","2022-01-20"
"1017","53","248","3","5597","2022-01-01"
"1018","16","301","97","1528","2022-02-02"
"1019","72","447","44","2268","2022-01-07"
"1020","93","296","89","4338","2022-04-02"
"1021","14","365","79","5003","2022-03-08"
"1022","77","76","87","83","2022-02-13"
"1023","93","244","70","1924","2022-02-26"
"1024","0","267","18","6145","2022-01-14"
"1025","73","285","12","7804","2022-02-27"
"1026","49","139","28","9723","2022-04-06"
"1027","70","286","11","6529","2022-01-08"
"1028","26","465","68","2027","2022-03-26"
"1029","0","423","41","462","2022-01-24"
"1030","12","244","94","7219","2022-01-30"
"1031","81","197","98","6345","2022-03-07"
"1032","64","296","15","8049","2022-01-19"
"1033","35","371","55","2987","2022-02-18"
"1034","6","179","29","5686","2022-01-10"
"1035","99","207","44","7890","2022-01-03"
"1036","28","55","35","89","2022-01-21"
"1037","93","301","49","2102","2022-02-13"
"1038","94","139","63","7971","2022-03-14"
"1039","73","380","21","2304","2022-03-06"
"1040","64","248","84","4205","2022-03-20"
"1041","44","336","39","6305","2022-01-30"
"1042","86","106","56","1036","2022-01-25"
"1043","43","359","47","9194","2022-03-14"
"1044","6","55","19","5069","2022-03-25"
"1045","94","172","42","1741","2022-03-16"
"1046","33","110","15","2094","2022-03-20"
"1047","52","486","3","8893","2022-04-02"
"1048","61","236","90","9562","2022-01-31"
"1049","85","292","38","2570","2022-03-14"
"1050","86","395","91","4865","2022-02-20"
"1051","16","498","6","381","2022-01-29"
"1052","16","286","73","9018","2022-01-21"
"1053","7","99","25","3773","2022-03-03"
"1054","90","336","91","5581","2022-03-05"
"1055","70","175","31","4871","2022-03-21"
"1056","62","11","58","70","2022-02-27"
"1057","70","185","86","7735","2022-01-31"
"1058","81","213","49","9644","2022-02-22"
"1059","43","360","45","4795","2022-02-17"
"1060","71","91","78","6095","2022-01-03"
"1061","99","196","17","2534","2022-03-28"
"1062","85","283","1","7780","2022-03-20"
"1063","6","251","65","2002","2022-01-17"
"1064","52","96","21","6773","2022-01-21"
"1065","26","110","97","897","2022-03-06"
"1066","0","316","37","4588","2022-03-31"
"1067","7","98","75","7807","2022-02-25"
"1068","12","418","82","8743","2022-02-15"
"1069","14","429","83","4273","2022-03-24"
"1070","14","59","16","1864","2022-02-14"
"1071","41","405","8","1796","2022-01-03"
"1072","95","171","68","2175","2022-03-14"
"1073","73","55","70","9547","2022-02-06"
"1074","70","422","40","5496","2022-01-10"
"1075","86","127","100","5468","2022-02-06"
"1076","21","499","50","9015","2022-03-15"
"1077","53","296","90","2308","2022-04-11"
"1078","64","339","20","10000","2022-02-21"
"1079","11","246","13","7874","2022-02-01"
"1080","73","169","13","2048","2022-03-26"
"1081","81","483","42","6249","2022-01-29"
"1082","99","20","77","356","2022-02-06"
"1083","63","165","48","8308","2022-04-04"
"1084","69","498","20","8069","2022-02-19"
"1085","43","181","48","7903","2022-02-19"
"1086","77","397","22","7824","2022-04-04"
"1087","63","268","85","6573","2022-01-23"
"1088","3","156","60","9424","2022-02-17"
"1089","61","44","8","6552","2022-02-03"
"1090","41","371","74","4755","2022-01-12"
"1091","43","371","96","954","2022-03-15"
"1092","41","237","47","2573","2022-04-12"
"1093","94","281","56","6539","2022-03-21"
"1094","44","139","81","8577","2022-01-21"
"1095","61","403","45","753","2022-01-28"
"1096","21","98","60","4040","2022-03-29"
"1097","42","179","44","3096","2022-04-08"
"1098","36","170","93","2132","2022-01-27"
"1099","42","269","59","6656","2022-03-17"
"1100","71","482","60","6922","2022-01-24"
"1101","33","255","11","7885","2022-02-15"
"1102","74","163","19","4263","2022-02-08"
"1103","74","479","6","3547","2022-01-01"
"1104","35","148","90","2307","2022-02-24"
"1105","51","322","50","9263","2022-02-24"
"1106","77","96","100","1965","2022-01-15"
"1107","82","396","11","9931","2022-01-02"
"1108","16","436","30","3285","2022-03-02"
"1109","53","346","24","3909","2022-03-09"
"1110","51","327","97","5695","2022-03-20"
"1111","26","199","12","4368","2022-04-03"
"1112","54","244","35","921","2022-01-06"
"1113","95","225","80","8185","2022-03-18"
"1114","6","244","76","6922","2022-01-28"
"1115","77","56","82","7725","2022-03-09"
"1116","53","487","90","1326","2022-04-07"
"1117","33","155","44","1453","2022-02-05"
"1118","21","112","19","3520","2022-02-18"
"1119","76","302","2","1179","2022-01-12"
"1120","99","235","7","9155","2022-03-29"
"1121","12","346","31","8465","2022-02-13"
"1122","63","317","79","3978","2022-04-13"
"1123","71","209","78","7871","2022-01-09"
"1124","94","249","13","9837","2022-02-11"
"1125","11","232","86","4839","2022-03-24"
"1126","71","264","32","7948","2022-04-14"
"1127","95","61","25","3439","2022-03-29"
"1128","11","91","64","9730","2022-01-09"
"1129","62","292","16","9071","2022-03-26"
"1130","62","213","78","4161","2022-02-06"
"1131","90","235","44","6986","2022-02-24"
"1132","28","270","40","1875","2022-01-31"
"1133","99","187","90","2622","2022-02-18"
"1134","8","162","1","9955","2022-02-01"
"1135","35","284","51","2633","2022-03-05"
"1136","46","369","11","3098","2022-03-22"
"1137","41","399","22","1636","2022-03-03"
"1138","9","440","38","562","2022-03-19"
"1139","62","301","90","7904","2022-01-17"
"1140","85","336","62","8069","2022-04-08"
"1141","61","83","69","5664","2022-01-15"
"1142","95","122","76","7285","2022-03-13"
"1143","99","388","93","4162","2022-03-27"
"1144","6","131","8","7731","2022-03-18"
"1145","76","183","54","321","2022-03-22"
"1146","63","333","36","4443","2022-03-21"
"1147","90","366","51","29","2022-02-06"
"1148","91","413","25","4022","2022-01-21"
"1149","70","191","49","7652","2022-02-12"
"1150","76","191","69","36","2022-02-19"
"1151","91","106","74","6277","2022-01-15"
"1152","14","200","100","2022","2022-03-31"
"1153","35","227","78","197","2022-03-25"
"1154","77","269","92","678","2022-02-01"
"1155","54","397","1","4911","2022-01-24"
"1156","46","176","59","8825","2022-04-10"
"1157","28","17","80","933","2022-02-11"
"1158","61","363","66","8803","2022-02-10"
"1159","63","45","75","2320","2022-03-22"
"1160","9","372","40","1555","2022-04-11"
"1161","74","74","9","248","2022-01-27"
"1162","51","461","49","1508","2022-01-13"
"1163","42","442","70","1544","2022-03-04"
"1164","76","259","32","4908","2022-03-01"
"1165","7","277","65","5885","2022-01-02"
"1166","0","422","80","1524","2022-02-20"
"1167","99","236","67","8309","2022-04-02"
"1168","16","60","32","3314","2022-01-18"
"1169","12","425","78","9139","2022-01-12"
"1170","72","257","49","5363","2022-03-09"
"1171","53","435","20","2681","2022-02-18"
"1172","11","417","21","2418","2022-04-08"
"1173","71","453","22","3606","2022-03-17"
"1174","21","106","84","5508","2022-02-10"
"1175","77","207","28","6895","2022-02-05"
"1176","42","418","88","8659","2022-01-11"
"1177","11","277","53","9105","2022-03-17"
"1178","70","171","31","3110","2022-03-09"
"1179","11","284","46","3274","2022-03-14"
"1180","85","164","89","4661","2022-02-20"
"1181","26","237","51","9195","2022-02-19"
"1182","51","178","57","5060","2022-03-17"
"1183","82","207","62","416","2022-03-21"
"1184","52","248","13","7293","2022-02-08"
"1185","23","68","61","3269","2022-02-25"
"1186","81","192","3","1126","2022-01-03"
"1187","93","158","98","5889","2022-01-16"
"1188","35","162","54","7826","2022-01-02"
"1189","28","253","65","4991","2022-04-13"
"1190","6","170","46","7844","2022-03-10"
"1191","36","395","1","4089","2022-03-04"
"1192","53","427","100","2951","2022-02-16"
"1193","22","346","52","7160","2022-04-08"
"1194","21","148","70","2983","2022-01-02"
"1195","90","110","33","7600","2022-01-13"
"1196","81","243","33","3806","2022-04-08"
"1197","7","41","22","9125","2022-02-04"
"1198","26","3","42","9421","2022-03-14"
"1199","82","494","62","1027","2022-01-14"
"1200","94","214","13","4960","2022-03-26"
"1201","82","246","85","3247","2022-04-13"
"1202","95","43","18","1607","2022-04-06"
"1203","16","235","73","9906","2022-02-22"
"1204","33","183","58","8886","2022-02-13"
"1205","14","273","81","7059","2022-03-20"
"1206","11","183","85","2604","2022-03-29"
"1207","44","238","63","4077","2022-02-12"
"1208","72","418","68","6107","2022-04-06"
"1209","76","59","44","4606","2022-02-25"
"1210","49","42","49","4317","2022-03-30"
"1211","64","96","74","7301","2022-04-08"
"1212","11","430","88","9582","2022-03-29"
"1213","95","151","15","3699","2022-03-09"
"1214","33","235","19","9629","2022-03-28"
"1215","86","245","47","1498","2022-04-04"
"1216","52","206","49","552","2022-01-21"
"1217","26","417","30","4991","2022-01-09"
"1218","36","43","13","5763","2022-01-28"
"1219","74","284","45","8044","2022-03-12"
"1220","11","418","38","7940","2022-03-12"
"1221","71","74","72","8443","2022-03-28"
"1222","12","214","33","2105","2022-03-12"
"1223","42","135","17","7016","2022-03-01"
"1224","94","324","18","4271","2022-03-18"
"1225","94","4","53","6976","2022-04-07"
"1226","46","213","22","7299","2022-01-14"
"1227","6","158","61","1039","2022-03-22"
"1228","49","148","38","2009","2022-02-27"
"1229","9","365","89","8695","2022-01-02"
"1230","22","253","9","2500","2022-03-29"
"1231","61","44","39","3618","2022-01-18"
"1232","86","184","58","6731","2022-03-24"
"1233","82","58","39","6810","2022-01-19"
"1234","24","460","31","2520","2022-02-11"
"1235","81","88","14","6945","2022-01-19"
"1236","3","322","31","1607","2022-02-15"
"1237","62","339","69","2716","2022-01-28"
"1238","0","281","72","9416","2022-04-01"
"1239","51","480","67","4450","2022-01-05"
"1240","62","303","43","1127","2022-03-13"
"1241","63","402","92","4542","2022-03-09"
"1242","72","91","71","7265","2022-03-11"
"1243","7","32","77","3653","2022-03-07"
"1244","81","255","46","3152","2022-02-06"
"1245","42","267","57","4774","2022-02-02"
"1246","44","4","40","6041","2022-02-04"
"1247","24","88","72","8775","2022-02-10"
"1248","86","495","17","6974","2022-03-11"
"1249","9","273","59","9744","2022-01-02"
"1250","90","106","78","7101","2022-03-24"
"1251","93","333","22","1189","2022-01-09"
"1252","95","232","38","8789","2022-01-07"
"1253","28","106","73","6364","2022-04-05"
"1254","82","482","94","970","2022-02-12"
"1255","82","32","17","2199","2022-03-13"
"1256","3","316","17","479","2022-03-15"
"1257","43","127","67","5908","2022-02-16"
"1258","70","480","23","5587","2022-01-20"
"1259","24","148","32","6467","2022-03-13"
"1260","90","440","50","2976","2022-04-14"
"1261","91","126","47","9792","2022-01-10"
"1262","99","17","6","9676","2022-04-13"
"1263","35","111","90","1509","2022-01-11"
"1264","9","207","45","5829","2022-02-27"
"1265","24","31","79","2781","2022-03-25"
"1266","35","76","96","2457","2022-01-18"
"1267","44","247","75","5769","2022-03-26"
"1268","91","127","27","2080","2022-01-10"
"1269","76","74","80","4182","2022-03-28"
"1270","85","273","39","959","2022-04-04"
"1271","63","451","68","1318","2022-01-25"
"1272","86","221","50","5330","2022-02-11"
"1273","24","396","47","9626","2022-04-13"
"1274","69","199","72","4279","2022-01-26"
"1275","23","240","12","166","2022-02-18"
"1276","3","476","47","9397","2022-01-12"
"1277","93","221","47","8856","2022-04-02"
"1278","3","281","74","2689","2022-01-16"
"1279","94","422","24","8652","2022-03-21"
"1280","41","429","75","2951","2022-02-27"
"1281","61","31","33","1974","2022-03-14"
"1282","53","20","24","5582","2022-01-05"
"1283","8","83","89","8994","2022-03-23"
"1284","14","22","78","8654","2022-04-06"
"1285","69","74","47","286","2022-03-22"
"1286","12","255","11","9940","2022-01-24"
"1287","7","365","69","8596","2022-01-03"
"1288","69","483","51","6797","2022-01-29"
"1289","33","200","51","3667","2022-04-12"
"1290","74","163","48","9701","2022-02-09"
"1291","12","171","32","4047","2022-03-19"
"1292","26","238","41","9626","2022-01-31"
"1293","16","264","52","7976","2022-03-20"
"1294","52","435","51","9642","2022-03-16"
"1295","63","411","24","9492","2022-02-26"
"1296","74","403","35","9128","2022-02-07"
"1297","81","386","88","5815","2022-02-02"
"1298","28","486","32","9766","2022-04-14"
"1299","71","386","69","4572","2022-04-07"
"1300","44","366","94","969","2022-02-14"
"1301","35","205","14","3572","2022-04-05"
"1302","12","160","51","2594","2022-03-30"
"1303","72","196","4","7789","2022-04-11"
"1304","52","184","59","2587","2022-02-01"
"1305","76","494","40","1234","2022-01-14"
"1306","72","270","99","3985","2022-02-13"
"1307","42","422","55","8918","2022-01-24"
"1308","94","298","69","4732","2022-01-17"
"1309","82","402","11","4180","2022-01-20"
"1310","99","359","35","5580","2022-01-20"
"1311","69","296","46","2967","2022-01-21"
"1312","26","111","99","2516","2022-04-12"
"1313","74","454","38","1092","2022-03-29"
"1314","23","235","86","4485","2022-01-22"
"1315","85","391","36","6165","2022-02-15"
"1316","12","309","47","3007","2022-02-15"
"1317","76","96","72","4507","2022-03-02"
"1318","35","25","33","1875","2022-02-19"
"1319","81","56","77","3969","2022-02-01"
"1320","41","169","12","6120","2022-02-08"
"1321","73","292","22","245","2022-03-15"
"1322","12","131","26","3497","2022-02-13"
"1323","22","398","80","3880","2022-01-13"
"1324","76","346","32","7735","2022-02-14"
"1325","46","263","58","4836","2022-02-09"
"1326","82","5","79","4794","2022-03-20"
"1327","46","240","34","1491","2022-03-16"
"1328","21","499","70","6173","2022-03-27"
"1329","36","119","47","8290","2022-03-05"
"1330","95","453","12","1161","2022-02-05"
"1331","62","209","64","6530","2022-01-14"
"1332","64","111","90","7162","2022-03-12"
"1333","64","91","100","3026","2022-03-24"
"1334","16","164","37","1754","2022-01-31"
"1335","42","405","18","8412","2022-02-05"
"1336","93","21","40","5936","2022-03-14"
"1337","99","386","57","2403","2022-02-03"
"1338","46","447","19","9628","2022-02-13"
"1339","7","238","30","6119","2022-03-06"
"1340","23","429","84","7703","2022-02-18"
"1341","49","304","45","8461","2022-01-10"
"1342","7","112","23","3652","2022-03-20"
"1343","23","496","5","684","2022-03-26"
"1344","7","187","27","5096","2022-01-26"
"1345","22","271","28","477","2022-02-18"
"1346","62","302","91","1060","2022-02-23"
"1347","11","324","79","5714","2022-02-19"
"1348","91","213","89","7132","2022-01-04"
"1349","95","205","4","7275","2022-01-15"
"1350","46","160","3","4227","2022-01-26"
"1351","91","366","21","5854","2022-03-06"
"1352","22","106","77","6442","2022-02-15"
"1353","81","34","74","1694","2022-04-10"
"1354","99","303","65","4324","2022-02-02"
"1355","16","165","19","4085","2022-04-01"
"1356","61","388","17","3060","2022-01-14"
"1357","54","98","100","3971","2022-01-11"
"1358","16","336","12","9327","2022-03-23"
"1359","81","207","50","7433","2022-01-15"
"1360","35","31","74","6810","2022-04-05"
"1361","76","465","56","1817","2022-01-18"
"1362","33","185","63","1474","2022-02-13"
"1363","71","495","18","7434","2022-02-04"
"1364","82","217","28","3504","2022-04-09"
"1365","94","94","41","1357","2022-03-21"
"1366","35","362","58","2166","2022-03-18"
"1367","53","353","91","300","2022-03-31"
"1368","16","151","88","914","2022-01-04"
"1369","74","94","13","8029","2022-04-14"
"1370","12","336","86","4110","2022-01-18"
"1371","28","248","43","9887","2022-03-22"
"1372","0","391","67","5854","2022-03-15"
"1373","86","353","6","4240","2022-01-15"
"1374","22","353","79","3870","2022-01-14"
"1375","22","160","5","9180","2022-01-21"
"1376","41","236","10","4938","2022-01-03"
"1377","70","282","87","9356","2022-04-13"
"1378","85","404","87","2930","2022-02-18"
"1379","95","193","30","4576","2022-03-29"
"1380","11","465","68","9918","2022-01-07"
"1381","51","126","3","9817","2022-04-04"
"1382","23","164","23","1201","2022-03-27"
"1383","49","247","39","887","2022-02-06"
"1384","22","422","13","3731","2022-04-07"
"1385","54","418","16","5997","2022-03-30"
"1386","26","232","92","1235","2022-01-24"
"1387","8","447","19","8486","2022-04-02"
"1388","99","175","95","8777","2022-03-25"
"1389","49","238","4","7904","2022-02-03"
"1390","71","164","91","8131","2022-03-06"
"1391","11","461","78","1095","2022-03-01"
"1392","93","483","65","8561","2022-03-27"
"1393","99","404","14","1515","2022-02-13"
"1394","7","283","49","3751","2022-03-17"
"1395","73","391","52","6320","2022-01-09"
"1396","24","158","21","3551","2022-01-07"
"1397","7","17","93","9071","2022-04-06"
"1398","44","197","51","6854","2022-04-11"
"1399","16","317","33","5375","2022-04-12"
"1400","23","127","21","3265","2022-01-30"
"1401","54","169","96","7854","2022-02-15"
"1402","81","361","17","9496","2022-01-29"
"1403","7","453","91","6431","2022-01-17"
"1404","51","200","71","4273","2022-01-11"
"1405","0","316","60","921","2022-01-30"
"1406","51","380","17","6426","2022-03-04"
"1407","7","255","76","8304","2022-01-14"
"1408","11","363","57","3375","2022-01-11"
"1409","85","60","99","2750","2022-02-01"
"1410","22","214","25","3041","2022-01-21"
"1411","90","346","34","585","2022-02-06"
"1412","95","486","51","880","2022-01-05"
"1413","42","427","37","5667","2022-01-18"
"1414","7","112","98","4042","2022-02-14"
"1415","99","248","82","3190","2022-01-23"
"1416","8","396","11","9955","2022-03-20"
"1417","51","435","99","5345","2022-02-06"
"1418","99","296","9","9925","2022-01-30"
"1419","3","185","57","6115","2022-01-14"
"1420","95","300","19","3258","2022-03-12"
"1421","16","351","17","8998","2022-02-26"
"1422","11","179","71","4500","2022-03-29"
"1423","28","83","54","6028","2022-03-20"
"1424","94","58","13","6041","2022-03-16"
"1425","90","304","73","4256","2022-03-31"
"1426","53","327","94","8028","2022-02-20"
"1427","71","204","99","8356","2022-02-18"
"1428","24","435","46","6322","2022-03-29"
"1429","44","232","23","5418","2022-01-17"
"1430","85","257","34","5765","2022-01-21"
"1431","28","203","60","6048","2022-01-19"
"1432","7","162","36","691","2022-02-01"
"1433","72","205","86","5734","2022-03-23"
"1434","51","213","85","9867","2022-03-08"
"1435","9","106","38","3403","2022-03-20"
"1436","33","78","24","2079","2022-02-17"
"1437","36","158","76","5490","2022-02-16"
"1438","76","155","14","9788","2022-03-03"
"1439","35","429","5","2938","2022-01-09"
"1440","9","185","1","5472","2022-02-07"
"1441","33","74","24","9462","2022-03-06"
"1442","14","301","97","7652","2022-04-13"
"1443","52","299","27","8556","2022-03-27"
"1444","28","373","7","1574","2022-03-23"
"1445","90","413","51","6130","2022-01-25"
"1446","35","411","23","5145","2022-02-18"
"1447","71","454","25","6188","2022-02-18"
"1448","53","244","4","9192","2022-01-06"
"1449","0","119","95","8237","2022-03-01"
"1450","85","284","68","8113","2022-02-10"
"1451","26","373","43","2878","2022-04-03"
"1452","90","331","77","650","2022-01-02"
"1453","41","327","45","4598","2022-01-01"
"1454","85","362","37","1147","2022-01-10"
"1455","49","400","88","5540","2022-01-13"
"1456","64","442","45","4929","2022-04-14"
"1457","42","284","27","6188","2022-01-22"
"1458","94","296","66","4084","2022-01-22"
"1459","26","58","72","2683","2022-02-20"
"1460","99","263","72","503","2022-02-11"
"1461","74","388","9","8081","2022-01-19"
"1462","69","74","77","3661","2022-01-09"
"1463","85","447","25","9112","2022-02-13"
"1464","86","403","73","1357","2022-01-11"
"1465","95","169","35","5462","2022-04-13"
"1466","69","111","51","9522","2022-01-13"
"1467","22","286","97","5484","2022-03-28"
"1468","63","237","93","7876","2022-01-16"
"1469","24","436","84","9537","2022-01-22"
"1470","85","136","17","9287","2022-01-20"
"1471","74","181","33","3190","2022-02-05"
"1472","69","493","32","2384","2022-01-22"
"1473","26","91","83","6284","2022-01-23"
"1474","41","34","93","4866","2022-03-26"
"1475","11","255","33","1598","2022-01-06"
"1476","63","496","3","1627","2022-02-09"
"1477","76","106","35","5960","2022-01-16"
"1478","44","454","69","5013","2022-04-09"
"1479","61","254","58","4041","2022-02-20"
"1480","71","267","69","3845","2022-01-17"
"1481","72","362","37","6844","2022-03-31"
"1482","71","487","34","3576","2022-03-14"
"1483","21","122","85","3589","2022-01-01"
"1484","36","303","90","6176","2022-03-07"
"1485","26","417","20","4264","2022-01-31"
"1486","61","249","67","1246","2022-02-28"
"1487","73","298","87","2220","2022-01-05"
"1488","95","254","89","2664","2022-01-11"
"1489","73","139","97","7319","2022-03-17"
"1490","74","371","20","5372","2022-04-06"
"1491","35","158","82","7656","2022-02-27"
"1492","33","56","100","8447","2022-03-26"
"1493","62","295","23","7621","2022-03-24"
"1494","12","304","29","7983","2022-03-18"
"1495","61","247","74","2741","2022-01-14"
"1496","53","225","88","6343","2022-02-01"
"1497","62","461","64","4248","2022-01-10"
"1498","46","400","23","6255","2022-01-29"
"1499","91","494","91","7320","2022-03-19"
"1500","21","454","86","7332","2022-03-13"
"1501","9","405","24","4046","2022-04-04"
"1502","70","205","61","6197","2022-03-21"
"1503","76","307","30","8622","2022-01-23"
"1504","42","171","58","4899","2022-02-03"
"1505","41","17","70","9615","2022-01-22"
"1506","46","104","48","6971","2022-02-27"
"1507","9","58","78","2517","2022-02-21"
"1508","21","324","26","4205","2022-01-01"
"1509","43","307","88","3696","2022-02-15"
"1510","94","263","56","4862","2022-04-02"
"1511","3","400","43","2057","2022-03-25"
"1512","61","139","28","1666","2022-03-14"
"1513","23","164","80","8913","2022-03-26"
"1514","44","392","78","3344","2022-01-28"
"1515","42","200","38","1140","2022-02-17"
"1516","35","78","9","3694","2022-03-01"
"1517","62","403","73","2268","2022-04-12"
"1518","62","316","11","4457","2022-03-04"
"1519","73","84","18","3248","2022-03-07"
"1520","52","206","80","8971","2022-01-03"
"1521","26","9","56","5595","2022-02-09"
"1522","21","361","37","5210","2022-02-19"
"1523","43","158","69","5263","2022-04-13"
"1524","73","156","38","5430","2022-03-20"
"1525","44","32","9","8792","2022-01-06"
"1526","85","339","26","3678","2022-01-23"
"1527","14","9","54","4678","2022-02-23"
"1528","24","360","38","3496","2022-03-17"
"1529","71","254","2","8774","2022-04-07"
"1530","49","232","73","4860","2022-03-14"
"1531","73","172","98","3962","2022-01-09"
"1532","74","207","61","7113","2022-01-18"
"1533","11","244","44","4754","2022-02-22"
"1534","71","379","76","2553","2022-02-18"
"1535","0","175","47","7046","2022-01-31"
"1536","42","363","64","9980","2022-01-30"
"1537","36","498","24","5119","2022-02-09"
"1538","85","82","72","7178","2022-02-14"
"1539","61","183","82","5386","2022-03-26"
"1540","36","351","89","9225","2022-03-02"
"1541","70","25","10","2277","2022-04-02"
"1542","8","296","45","3282","2022-02-17"
"1543","63","243","9","4178","2022-01-09"
"1544","61","232","42","8994","2022-01-31"
"1545","14","283","55","1031","2022-02-09"
"1546","11","99","27","2939","2022-03-09"
"1547","95","51","76","7119","2022-02-11"
"1548","46","255","68","6102","2022-02-04"
"1549","72","9","95","6139","2022-04-06"
"1550","16","360","1","6455","2022-02-19"
"1551","44","238","75","3246","2022-01-28"
"1552","99","430","89","220","2022-03-12"
"1553","81","8","75","474","2022-01-11"
"1554","76","8","39","1794","2022-03-23"
"1555","77","83","99","8060","2022-04-14"
"1556","70","98","59","4427","2022-03-12"
"1557","71","461","34","6166","2022-03-12"
"1558","76","35","24","8797","2022-03-28"
"1559","36","217","20","5422","2022-03-31"
"1560","24","353","33","634","2022-01-04"
"1561","52","43","10","5076","2022-01-26"
"1562","42","83","37","2803","2022-03-12"
"1563","54","273","24","8223","2022-03-16"
"1564","93","397","33","9656","2022-01-03"
"1565","22","405","46","6627","2022-01-29"
"1566","69","248","69","8948","2022-02-24"
"1567","43","104","4","9985","2022-01-29"
"1568","53","391","83","955","2022-01-10"
"1569","70","62","11","4258","2022-04-02"
"1570","69","96","98","8722","2022-01-03"
"1571","82","369","21","7433","2022-01-16"
"1572","11","99","16","1460","2022-03-12"
"1573","12","191","74","7186","2022-01-02"
"1574","36","20","4","4208","2022-04-01"
"1575","64","411","36","2016","2022-04-11"
"1576","14","460","14","7036","2022-02-15"
"1577","61","235","98","5875","2022-04-08"
"1578","77","279","57","300","2022-02-26"
"1579","21","209","31","7485","2022-02-16"
"1580","23","101","20","9325","2022-01-16"
"1581","64","61","6","7727","2022-03-04"
"1582","9","104","53","3616","2022-01-13"
"1583","70","187","13","5268","2022-01-02"
"1584","61","187","67","3866","2022-03-13"
"1585","0","151","22","2851","2022-03-09"
"1586","43","366","70","5976","2022-03-19"
"1587","33","199","13","7869","2022-02-13"
"1588","93","22","24","1054","2022-02-17"
"1589","53","181","44","9422","2022-04-03"
"1590","36","217","6","4398","2022-02-02"
"1591","33","498","88","9424","2022-01-28"
"1592","21","247","1","7469","2022-02-09"
"1593","53","440","21","3642","2022-04-11"
"1594","0","113","90","6158","2022-01-03"
"1595","51","476","13","120","2022-03-04"
"1596","53","171","73","5157","2022-01-26"
"1597","22","55","95","845","2022-01-15"
"1598","24","219","20","6466","2022-02-24"
"1599","26","94","13","5624","2022-03-16"
"1600","73","316","70","9646","2022-03-08"
"1601","36","322","84","5572","2022-01-23"
"1602","82","21","59","4817","2022-02-02"
"1603","91","359","61","5740","2022-02-11"
"1604","11","200","11","2259","2022-01-26"
"1605","24","68","96","5795","2022-03-31"
"1606","23","440","43","7471","2022-03-31"
"1607","72","251","78","5706","2022-03-14"
"1608","22","321","47","7695","2022-03-31"
"1609","95","126","47","9069","2022-04-07"
"1610","28","196","44","9941","2022-02-13"
"1611","3","4","99","7043","2022-01-21"
"1612","69","360","91","6487","2022-03-20"
"1613","99","235","70","6103","2022-03-29"
"1614","42","454","10","4681","2022-01-05"
"1615","93","371","3","2655","2022-03-01"
"1616","94","106","9","5222","2022-03-06"
"1617","33","460","70","5133","2022-04-08"
"1618","14","391","44","5947","2022-02-21"
"1619","14","316","88","5160","2022-04-08"
"1620","71","68","97","1848","2022-03-07"
"1621","16","302","11","2543","2022-01-14"
"1622","42","365","97","6822","2022-02-07"
"1623","90","184","52","7779","2022-02-10"
"1624","23","257","39","2296","2022-02-27"
"1625","11","151","69","3513","2022-01-22"
"1626","61","397","28","4386","2022-04-07"
"1627","11","101","18","4523","2022-03-06"
"1628","7","288","38","4926","2022-01-29"
"1629","41","267","48","6724","2022-04-06"
"1630","72","60","53","585","2022-04-07"
"1631","95","402","79","3011","2022-03-03"
"1632","62","253","59","2690","2022-03-05"
"1633","73","454","93","1966","2022-04-07"
"1634","7","5","50","1264","2022-02-24"
"1635","42","396","37","5145","2022-04-14"
"1636","90","372","44","555","2022-04-04"
"1637","63","156","47","3027","2022-01-01"
"1638","3","243","58","4257","2022-04-05"
"1639","12","151","11","7415","2022-01-02"
"1640","22","205","7","1916","2022-01-21"
"1641","69","422","4","5474","2022-04-06"
"1642","22","44","42","401","2022-03-28"
"1643","9","135","28","8377","2022-02-22"
"1644","54","21","11","775","2022-01-26"
"1645","9","378","24","7359","2022-01-31"
"1646","63","267","36","7295","2022-02-01"
"1647","41","445","22","6054","2022-03-17"
"1648","43","156","46","9189","2022-01-20"
"1649","26","91","21","3663","2022-04-05"
"1650","62","257","41","1347","2022-02-24"
"1651","81","351","32","7810","2022-03-10"
"1652","76","44","84","4189","2022-02-08"
"1653","12","34","59","9440","2022-03-14"
"1654","35","78","54","7368","2022-03-08"
"1655","76","207","2","8185","2022-01-16"
"1656","95","423","75","8447","2022-01-23"
"1657","26","111","15","7999","2022-02-03"
"1658","8","454","62","8200","2022-03-23"
"1659","22","193","85","5630","2022-01-27"
"1660","44","193","76","28","2022-02-24"
"1661","95","232","97","5565","2022-03-06"
"1662","54","422","33","6719","2022-03-19"
"1663","6","298","2","5302","2022-04-11"
"1664","62","113","3","3777","2022-01-15"
"1665","21","298","51","475","2022-01-13"
"1666","26","197","9","2823","2022-03-17"
"1667","35","321","18","2981","2022-02-13"
"1668","72","316","84","7162","2022-03-26"
"1669","16","246","58","4601","2022-01-03"
"1670","90","122","61","4870","2022-02-17"
"1671","49","366","13","4501","2022-04-14"
"1672","51","193","29","9906","2022-02-17"
"1673","8","233","7","4455","2022-01-07"
"1674","44","286","26","431","2022-03-28"
"1675","49","285","74","8532","2022-03-04"
"1676","43","203","78","762","2022-03-19"
"1677","53","429","90","941","2022-01-21"
"1678","9","225","10","4122","2022-04-07"
"1679","26","403","71","9899","2022-02-16"
"1680","51","240","34","8827","2022-04-13"
"1681","72","111","22","2955","2022-01-09"
"1682","44","171","59","3580","2022-03-09"
"1683","35","74","79","2046","2022-02-08"
"1684","26","321","60","7163","2022-02-14"
"1685","86","203","1","7767","2022-03-22"
"1686","86","460","50","1279","2022-01-26"
"1687","52","462","76","6299","2022-03-25"
"1688","41","361","2","9617","2022-02-28"
"1689","3","175","14","5214","2022-03-29"
"1690","61","462","57","4246","2022-01-14"
"1691","16","126","89","720","2022-01-03"
"1692","36","498","85","9199","2022-01-13"
"1693","90","60","21","6514","2022-03-17"
"1694","16","282","58","3195","2022-03-21"
"1695","46","293","35","9385","2022-02-21"
"1696","46","292","31","4011","2022-01-13"
"1697","49","263","75","8297","2022-02-20"
"1698","0","45","3","2431","2022-04-04"
"1699","70","346","82","7287","2022-02-05"
"1700","14","480","38","6340","2022-02-16"
"1701","21","38","48","9789","2022-04-02"
"1702","7","139","83","6973","2022-04-01"
"1703","14","169","22","5401","2022-03-14"
"1704","14","200","100","564","2022-01-12"
"1705","61","271","77","8325","2022-04-13"
"1706","74","155","69","9536","2022-01-31"
"1707","95","60","14","6672","2022-01-17"
"1708","0","445","89","4578","2022-04-10"
"1709","70","160","75","6105","2022-01-21"
"1710","33","255","45","3433","2022-03-04"
"1711","54","286","76","1188","2022-03-16"
"1712","44","494","93","597","2022-03-04"
"1713","73","191","31","1521","2022-04-12"
"1714","73","412","85","3360","2022-02-16"
"1715","49","277","21","6200","2022-02-10"
"1716","21","388","73","9782","2022-03-29"
"1717","9","17","98","9721","2022-01-13"
"1718","16","298","2","6080","2022-01-18"
"1719","91","149","58","7594","2022-01-09"
"1720","85","361","96","5511","2022-03-11"
"1721","14","68","86","4526","2022-03-05"
"1722","35","162","19","3816","2022-02-10"
"1723","21","52","68","6915","2022-02-18"
"1724","61","425","40","5398","2022-01-21"
"1725","82","307","32","2135","2022-04-10"
"1726","77","74","73","2044","2022-01-27"
"1727","71","300","15","1496","2022-01-03"
"1728","52","218","43","1939","2022-03-23"
"1729","64","270","94","2961","2022-03-29"
"1730","90","445","82","2124","2022-02-26"
"1731","8","209","76","5449","2022-01-05"
"1732","94","476","61","8066","2022-03-10"
"1733","9","179","34","1991","2022-03-08"
"1734","21","84","93","1433","2022-01-13"
"1735","70","122","30","3505","2022-03-31"
"1736","51","333","42","3801","2022-02-25"
"1737","61","82","14","558","2022-03-28"
"1738","35","3","92","690","2022-03-03"
"1739","71","254","87","9563","2022-03-25"
"1740","46","189","51","3080","2022-02-15"
"1741","35","285","32","6460","2022-02-20"
"1742","43","235","99","8459","2022-03-30"
"1743","11","302","84","8791","2022-04-08"
"1744","93","200","46","4664","2022-01-17"
"1745","26","255","1","5664","2022-01-08"
"1746","14","99","20","8672","2022-03-08"
"1747","42","352","3","1354","2022-01-20"
"1748","74","31","59","3253","2022-02-19"
"1749","7","184","82","3709","2022-03-24"
"1750","77","98","73","6930","2022-03-05"
"1751","74","232","68","5923","2022-02-10"
"1752","69","270","51","7165","2022-04-14"
"1753","64","378","31","3467","2022-02-25"
"1754","54","462","98","8090","2022-02-08"
"1755","95","336","80","654","2022-03-11"
"1756","90","82","35","6381","2022-02-26"
"1757","49","422","10","5352","2022-01-27"
"1758","43","41","100","7407","2022-02-03"
"1759","77","88","10","5747","2022-02-22"
"1760","33","425","96","9780","2022-03-13"
"1761","35","288","30","6546","2022-02-25"
"1762","44","427","33","7786","2022-03-20"
"1763","76","68","60","6654","2022-02-08"
"1764","26","207","67","1309","2022-01-17"
"1765","64","17","33","361","2022-02-25"
"1766","46","76","100","3150","2022-03-04"
"1767","53","203","9","7339","2022-04-03"
"1768","77","295","62","2676","2022-03-20"
"1769","52","82","49","4784","2022-02-17"
"1770","26","295","16","3979","2022-01-22"
"1771","14","176","25","434","2022-01-29"
"1772","28","402","7","7346","2022-02-16"
"1773","26","106","96","4990","2022-01-31"
"1774","52","42","36","2090","2022-03-12"
"1775","70","442","21","9371","2022-03-30"
"1776","77","221","78","6209","2022-01-13"
"1777","85","131","21","828","2022-02-28"
"1778","26","196","17","2047","2022-04-07"
"1779","35","192","60","2554","2022-01-09"
"1780","61","111","31","3289","2022-01-06"
"1781","28","193","9","8089","2022-02-20"
"1782","35","156","92","6543","2022-01-12"
"1783","71","59","66","9251","2022-03-16"
"1784","8","462","19","1957","2022-01-12"
"1785","44","418","76","4600","2022-01-29"
"1786","94","221","80","3267","2022-02-07"
"1787","77","333","5","3069","2022-01-08"
"1788","41","5","1","2806","2022-01-13"
"1789","23","101","58","3252","2022-04-01"
"1790","28","131","77","7982","2022-04-14"
"1791","22","388","2","178","2022-03-05"
"1792","16","398","11","4303","2022-02-05"
"1793","33","479","12","7597","2022-02-07"
"1794","8","4","27","9177","2022-01-26"
"1795","62","483","26","9301","2022-02-21"
"1796","64","227","5","118","2022-01-15"
"1797","94","386","74","828","2022-04-04"
"1798","43","155","50","3703","2022-02-17"
"1799","77","317","9","4442","2022-02-08"
"1800","74","420","68","7924","2022-01-07"
"1801","46","99","73","284","2022-01-06"
"1802","73","122","51","9606","2022-03-20"
"1803","43","494","12","7881","2022-02-04"
"1804","82","499","38","5466","2022-03-01"
"1805","12","476","13","947","2022-03-27"
"1806","71","131","15","8126","2022-02-25"
"1807","99","359","70","3278","2022-03-20"
"1808","70","301","75","5633","2022-01-29"
"1809","23","20","47","6975","2022-02-05"
"1810","3","20","76","6478","2022-02-03"
"1811","52","286","17","3560","2022-03-19"
"1812","70","166","10","8513","2022-03-22"
"1813","49","5","46","5380","2022-01-27"
"1814","91","418","90","408","2022-03-24"
"1815","94","122","57","6097","2022-02-01"
"1816","6","166","41","2384","2022-04-11"
"1817","35","412","24","525","2022-03-04"
"1818","99","373","39","3111","2022-01-14"
"1819","44","482","31","9650","2022-03-25"
"1820","70","233","86","6058","2022-01-05"
"1821","95","404","70","7492","2022-04-07"
"1822","49","359","6","8223","2022-04-08"
"1823","81","131","100","8527","2022-03-24"
"1824","95","442","14","5843","2022-03-11"
"1825","26","295","23","241","2022-03-12"
"1826","44","480","53","2943","2022-01-09"
"1827","6","316","71","3541","2022-01-31"
"1828","82","248","9","8011","2022-03-31"
"1829","7","404","25","1593","2022-02-21"
"1830","74","479","89","4226","2022-01-09"
"1831","8","112","23","5831","2022-03-10"
"1832","8","369","71","8927","2022-02-12"
"1833","51","299","19","1695","2022-02-23"
"1834","21","281","28","1269","2022-02-03"
"1835","72","447","97","4641","2022-03-06"
"1836","53","126","69","638","2022-01-27"
"1837","16","74","48","2343","2022-03-08"
"1838","49","480","42","9931","2022-01-04"
"1839","43","84","7","7787","2022-04-06"
"1840","36","236","13","3940","2022-02-09"
"1841","42","122","68","7011","2022-02-25"
"1842","70","51","1","4490","2022-03-30"
"1843","49","480","85","3282","2022-02-15"
"1844","26","391","59","8944","2022-02-17"
"1845","6","373","32","3110","2022-02-06"
"1846","64","403","49","5673","2022-02-09"
"1847","62","455","97","6772","2022-01-18"
"1848","94","83","41","3457","2022-02-24"
"1849","53","11","55","7839","2022-04-07"
"1850","41","155","44","2005","2022-01-06"
"1851","90","296","55","1757","2022-02-25"
"1852","9","353","24","4688","2022-02-08"
"1853","70","405","3","9398","2022-02-11"
"1854","33","200","22","9938","2022-04-10"
"1855","9","38","89","2840","2022-03-31"
"1856","9","316","69","1860","2022-04-07"
"1857","43","200","89","1414","2022-01-03"
"1858","73","244","16","9834","2022-01-22"
"1859","44","322","100","3128","2022-03-28"
"1860","69","61","59","2869","2022-03-02"
"1861","70","300","30","7189","2022-01-09"
"1862","77","17","79","6595","2022-01-29"
"1863","70","187","88","5047","2022-02-11"
"1864","61","178","3","6088","2022-04-11"
"1865","86","413","88","6791","2022-03-04"
"1866","90","136","8","7963","2022-02-11"
"1867","44","154","21","5186","2022-02-13"
"1868","36","17","26","7288","2022-02-26"
"1869","94","225","10","7294","2022-03-05"
"1870","53","178","53","8687","2022-02-15"
"1871","42","402","98","9190","2022-01-02"
"1872","82","465","74","6524","2022-01-18"
"1873","6","155","56","8869","2022-02-13"
"1874","21","399","51","4884","2022-01-23"
"1875","73","5","17","5321","2022-01-24"
"1876","7","253","10","8259","2022-04-12"
"1877","77","209","89","4497","2022-03-28"
"1878","51","205","88","3429","2022-01-01"
"1879","36","480","18","2309","2022-03-08"
"1880","91","151","10","3963","2022-01-23"
"1881","0","68","76","4741","2022-02-24"
"1882","46","418","31","6104","2022-02-25"
"1883","43","405","99","3742","2022-04-08"
"1884","82","253","4","2871","2022-02-16"
"1885","82","279","100","5854","2022-03-06"
"1886","69","25","98","1317","2022-02-04"
"1887","94","5","99","5433","2022-01-12"
"1888","22","388","85","8955","2022-03-08"
"1889","9","293","27","1186","2022-03-22"
"1890","94","206","99","8008","2022-03-14"
"1891","9","386","13","8678","2022-02-19"
"1892","70","299","2","4656","2022-02-03"
"1893","0","235","70","9491","2022-03-13"
"1894","7","498","71","5804","2022-01-31"
"1895","0","207","84","5836","2022-04-04"
"1896","9","309","62","8162","2022-01-25"
"1897","70","292","2","7084","2022-04-03"
"1898","23","403","90","5774","2022-01-11"
"1899","62","59","27","763","2022-01-10"
"1900","86","436","54","5570","2022-01-25"
"1901","49","162","87","7772","2022-01-30"
"1902","54","371","76","9462","2022-01-23"
"1903","93","149","24","4679","2022-02-23"
"1904","28","362","25","7160","2022-02-16"
"1905","82","179","6","3196","2022-03-24"
"1906","82","460","4","1261","2022-02-09"
"1907","41","405","55","7395","2022-04-04"
"1908","49","218","18","7521","2022-02-04"
"1909","53","232","28","5430","2022-03-28"
"1910","86","422","99","4990","2022-01-27"
"1911","51","331","92","4919","2022-04-09"
"1912","74","131","8","5796","2022-03-08"
"1913","64","34","19","1770","2022-04-04"
"1914","73","60","52","5151","2022-04-10"
"1915","62","397","98","3167","2022-04-11"
"1916","33","399","13","4785","2022-02-25"
"1917","41","189","66","8392","2022-04-02"
"1918","9","236","46","4610","2022-01-04"
"1919","46","197","34","8046","2022-02-15"
"1920","21","203","87","7927","2022-01-08"
"1921","64","94","80","7074","2022-04-10"
"1922","26","267","64","396","2022-02-19"
"1923","70","176","88","4301","2022-03-05"
"1924","46","420","64","6","2022-03-20"
"1925","69","119","11","9302","2022-01-15"
"1926","71","199","54","8035","2022-01-07"
"1927","69","309","83","162","2022-03-16"
"1928","35","196","54","8300","2022-04-12"
"1929","7","91","16","574","2022-01-18"
"1930","26","461","42","5175","2022-04-11"
"1931","41","331","79","8317","2022-03-19"
"1932","0","106","51","7921","2022-01-12"
"1933","63","259","3","4096","2022-03-24"
"1934","64","366","79","6766","2022-04-08"
"1935","26","264","75","8945","2022-02-28"
"1936","49","232","80","4821","2022-02-12"
"1937","43","455","57","1828","2022-03-30"
"1938","8","61","73","8916","2022-02-13"
"1939","71","172","3","6990","2022-04-12"
"1940","8","498","100","2779","2022-01-29"
"1941","23","233","87","7400","2022-03-23"
"1942","51","4","52","1301","2022-02-20"
"1943","63","20","33","8991","2022-04-11"
"1944","72","346","51","2469","2022-01-11"
"1945","86","391","15","8337","2022-03-20"
"1946","76","365","4","6516","2022-01-18"
"1947","43","233","23","6875","2022-01-01"
"1948","7","493","34","8174","2022-02-12"
"1949","70","295","85","8830","2022-02-16"
"1950","24","351","2","2106","2022-03-10"
"1951","99","34","59","9182","2022-03-20"
"1952","91","127","49","7359","2022-03-17"
"1953","7","104","37","6705","2022-01-10"
"1954","74","255","43","9221","2022-01-02"
"1955","11","233","37","224","2022-02-09"
"1956","44","292","3","694","2022-02-18"
"1957","73","192","99","1212","2022-03-04"
"1958","76","494","87","1755","2022-02-25"
"1959","36","402","70","905","2022-04-13"
"1960","8","263","90","4221","2022-03-20"
"1961","90","400","32","537","2022-04-06"
"1962","49","336","47","4639","2022-01-10"
"1963","70","268","67","5384","2022-01-20"
"1964","36","263","34","6923","2022-03-12"
"1965","71","20","81","1579","2022-03-14"
"1966","0","126","31","8588","2022-02-24"
"1967","28","219","99","8134","2022-01-04"
"1968","71","339","19","8559","2022-02-09"
"1969","8","41","84","7576","2022-02-01"
"1970","3","480","39","2071","2022-01-06"
"1971","49","339","13","1967","2022-03-27"
"1972","99","11","94","1943","2022-02-21"
"1973","33","4","61","4301","2022-03-23"
"1974","82","56","43","2218","2022-03-04"
"1975","74","369","69","5705","2022-03-10"
"1976","0","371","19","592","2022-01-19"
"1977","86","253","56","661","2022-02-21"
"1978","72","196","6","2339","2022-02-01"
"1979","33","454","51","9071","2022-02-27"
"1980","71","99","51","7339","2022-04-07"
"1981","74","285","31","1772","2022-03-21"
"1982","0","483","38","7655","2022-03-03"
"1983","36","88","42","2042","2022-01-04"
"1984","14","112","100","2245","2022-02-14"
"1985","95","218","94","9690","2022-02-28"
"1986","54","361","58","2779","2022-03-30"
"1987","35","378","44","6343","2022-02-24"
"1988","8","126","95","6962","2022-02-05"
"1989","53","283","97","2458","2022-03-05"
"1990","94","423","85","4135","2022-03-01"
"1991","28","453","69","2963","2022-01-25"
"1992","0","99","17","9559","2022-01-01"
"1993","74","219","2","9259","2022-04-12"
"1994","85","440","60","5743","2022-02-01"
"1995","72","42","83","8680","2022-02-02"
"1996","33","52","62","4632","2022-03-20"
"1997","73","352","93","3907","2022-01-08"
"1998","54","35","59","7610","2022-03-14"
"1999","90","429","61","5546","2022-04-10"
